{"cameraMode":{"drawMode":0,"name":"Shaded","section":"Shading Mode"},"sceneLighting":false,"audioPlay":false,"sceneViewState":{"showFog":true,"showMaterialUpdate":false,"showSkybox":false,"showFlares":true,"showImageEffects":true,"showParticleSystems":true},"in2DMode":false,"pivot":{"x":-0.0014550865162163973,"y":-2.703003406524658,"z":-0.19648033380508424},"rotation":{"x":-0.0002239721070509404,"y":0.9992112517356873,"z":-0.03929891064763069,"w":-0.00569462263956666},"size":1.1813304424285889,"orthographic":false}