{"cameraMode":{"drawMode":0,"name":"Shaded","section":"Shading Mode"},"sceneLighting":false,"audioPlay":false,"sceneViewState":{"showFog":true,"showMaterialUpdate":false,"showSkybox":false,"showFlares":true,"showImageEffects":true,"showParticleSystems":true},"in2DMode":false,"pivot":{"x":-0.8505146503448486,"y":-0.5331680178642273,"z":1.31494140625},"rotation":{"x":0.00027982002939097583,"y":0.9987738132476807,"z":0.005683476570993662,"w":-0.0491783581674099},"size":1.4228107929229737,"orthographic":false}