{"cameraMode":{"drawMode":0,"name":"Shaded","section":"Shading Mode"},"sceneLighting":false,"audioPlay":false,"sceneViewState":{"showFog":true,"showMaterialUpdate":false,"showSkybox":false,"showFlares":true,"showImageEffects":true,"showParticleSystems":true},"in2DMode":false,"pivot":{"x":-8.239999771118164,"y":4.480000019073486,"z":0.0},"rotation":{"x":-0.04529363662004471,"y":-0.005397334694862366,"z":0.000244695256697014,"w":-0.9989591240882874},"size":1.8994946479797364,"orthographic":false}